baseline_cvr,mde_absolute,alpha,power,n_per_arm_approx,total_n_approx
0.14678125,0.005,0.05,0.8,79742,159483
0.14678125,0.005,0.05,0.9,106751,213501
0.14678125,0.01,0.05,0.8,20209,40418
0.14678125,0.01,0.05,0.9,27054,54107
0.14678125,0.015,0.05,0.8,9103,18205
0.14678125,0.015,0.05,0.9,12185,24370
0.14678125,0.02,0.05,0.8,5187,10374
0.14678125,0.02,0.05,0.9,6944,13887
