feature,chi2,dof,p_value,cramers_v,n,reject_bh_fdr,q_value_bh
offer,504.46066903563496,2,2.869178384267155e-110,0.08878174335797757,64000,True,1.7215070305602932e-109
is_referral,349.3264372550735,1,5.940429321710465e-78,0.07387980496800545,64000,True,1.7821287965131396e-77
used_bogo,172.7557392727885,1,1.8506024687525873e-39,0.05195486912828595,64000,True,3.7012049375051747e-39
channel,160.69711674409655,2,1.273692144007886e-35,0.050108806103583314,64000,True,1.910538216011829e-35
zip_code,153.50767890534956,2,4.636935563366961e-34,0.04897507001420301,64000,True,5.564322676040353e-34
used_discount,2.8452499347404023,1,0.0916443416336384,0.006667610533790856,64000,False,0.0916443416336384
