,recency,history,used_discount,used_bogo,is_referral,conversion
recency,1.0,-0.24659130758961006,-0.031336057242529206,-0.026616667473107546,-0.05210646743047837,-0.07476533979106462
history,-0.24659130758961006,1.0,0.11267697342896435,0.11468464809245,0.22327908144281391,0.06515335935084274
used_discount,-0.031336057242529206,0.11267697342896435,1.0,-0.816942703994056,0.020900069666634675,0.006711994731373246
used_bogo,-0.026616667473107546,0.11468464809245,-0.816942703994056,1.0,0.021346041347669202,0.051999241468827
is_referral,-0.05210646743047837,0.22327908144281391,0.020900069666634675,0.021346041347669202,1.0,-0.07392395783784038
conversion,-0.07476533979106462,0.06515335935084274,0.006711994731373246,0.051999241468827,-0.07392395783784038,1.0
