treatment,mu_dr,mu_model,support
Discount | Web,0.19476361682239815,0.19809756628301373,0.14875
Buy One Get One | Web,0.18440843094738263,0.16670810905546718,0.1455625
Discount | Multichannel,0.17876178039922988,0.17510510775773083,0.04325
Discount | Phone,0.1554522584290143,0.16858806129982284,0.14625
Buy One Get One | Multichannel,0.13517405236541283,0.14748030697268016,0.0413125
Buy One Get One | Phone,0.13147658385670677,0.13741466082133463,0.146125
No Offer | Web,0.12699547875628672,0.12151265949009811,0.1465
No Offer | Phone,0.09597088899384927,0.08919084064088471,0.1435625
No Offer | Multichannel,0.08796451371383121,0.1123895368991455,0.0386875
