variant,auc,brier,average_precision,top_5pct_cvr,top_10pct_cvr,top_20pct_cvr
base_only,0.6496362833309458,0.12101491230361447,0.22859333969296566,0.2775,0.268125,0.2459375
base_plus_lsi_tfidf_svd,0.6492116368120489,0.1210619651934798,0.22771473777564188,0.27875,0.265625,0.2459375
