{
  "r_squared": 0.22132138044606298,
  "adj_r_squared": 0.22127270922990216,
  "f_stat": 2813.144580235589,
  "nobs": 64000
}