segment,n,p_ud,p_ub,p_ir
全体,64000,0.55103125,0.54971875,0.50225
上位10%,6400,0.655625,0.908125,0.28875
上位5%,3200,0.7984375,0.9725,0.31125
