offer,n,cvr
Discount,2172,0.2983425414364641
Buy One Get One,2100,0.24761904761904763
No Offer,2128,0.20300751879699247
