segment,n,cvr,mean_history,mean_recency
全体,64000,0.14678125,242.08565578127568,5.763734375
上位10%,6400,0.25,515.8467421875013,2.74578125
上位5%,3200,0.2678125,599.1377812499994,2.5296875
