{
  "method": "stdlib_logistic_gd",
  "score_threshold_q90": 0.2094651871893898,
  "score_threshold_q95": 0.23298022252640282,
  "weights": [
    -0.16986129589176543,
    0.13325395812318133,
    0.17013597048376822,
    0.24181639183314266,
    -0.25006516596120576,
    0.09928921679104459,
    -1.8080553591076831
  ]
}