scenario,mean_profit_full_fit,mean_profit_oof,mean_profit_holdout,agreement_full_vs_oof_treatment
high_cost,35.10621208112383,40.8645115197072,34.576951264229066,1.0
low_cost,35.10621208112383,40.92681250119714,34.576951264229066,0.9324375
mid_cost,35.10621208112383,40.8645115197072,34.576951264229066,1.0
