,seed42,seed43,seed44
seed42,1.0,0.5839035415204853,0.5800548464318401
seed43,0.5839035415204853,1.0,0.974484307769921
seed44,0.5800548464318401,0.974484307769921,1.0
