segment,n,cvr,mean_history,mean_recency,share_referral,share_used_discount,share_used_bogo,mean_expected_profit,segment_offer,segment_channel
2,17164,0.1523537636914472,335.6829276392449,5.418084362619436,0.609531577720811,0.6267769750640876,0.6010836634817059,55.29250611452265,オファーなし,Web
3,12775,0.16829745596868884,216.2324133072407,5.772133072407045,0.293307240704501,0.47389432485322897,0.7246966731898239,35.88189324594502,オファーなし,Web
1,18144,0.13508597883597884,228.91141809964728,5.746307319223986,0.5511463844797179,0.5409501763668431,0.45904982363315694,27.485442978590793,オファーなし,Web
0,15917,0.13683483068417415,176.92293459822832,6.149588490293397,0.4985235911289816,0.5427530313501288,0.4572469686498712,21.40289844956708,オファーなし,Web
