k_pct,n,precision,recall
5,800,0.2775,0.09454855195911414
10,1600,0.268125,0.18270868824531517
20,3200,0.2459375,0.3351788756388416
30,4800,0.22520833333333334,0.46039182282793867
